start_station_id,start_station_longitude,start_station_latitude,avg_trip_duration,num_trips_1hr,num_trips_2hr,num_trips_3hr,num_trips_4hr,num_trips_5hr,num_trips_6hr,num_trips_24hr,num_trips_48hr,num_trips_week,day_of_week,day_of_month,month,hour,is_weekend,avg_daily_wind_speed,precipitation,snowfall,snow_depth,temp_max,temp_min,fog,heavy_fog,thunder,haze,hour_sin,hour_cos,day_of_week_sin,day_of_week_cos,day_of_month_sin,day_of_month_cos,month_sin,month_cos,is_am_peak,is_pm_peak,Actual,Predicted,start_datetime
3194,-74.06762212514877,40.7253399253558,0.0,1.0,3.0,2.0,1.0,3.0,1.0,1.0,0.0,0.0,2,24,7,23,True,2.91,0.02,0.0,0.0,83,67,True,False,False,False,-2.4492935982947064e-16,1.0,0.8660254037844388,-0.4999999999999998,-0.9884683243281114,0.1514277775045766,-2.4492935982947064e-16,1.0,False,False,0.0,0.0,2019-07-24 23:00:00
3194,-74.06762212514877,40.7253399253558,0.0,0.0,1.0,3.0,2.0,1.0,3.0,0.0,0.0,1.0,3,25,7,0,True,1.79,0.0,0.0,0.0,84,70,False,False,False,False,0.0,1.0,1.2246467991473532e-16,-1.0,-0.9377521321470804,0.3473052528448203,-2.4492935982947064e-16,1.0,False,False,0.0,0.0,2019-07-25 00:00:00
3194,-74.06762212514877,40.7253399253558,0.0,0.0,0.0,1.0,3.0,2.0,1.0,2.0,0.0,0.0,3,25,7,1,True,1.79,0.0,0.0,0.0,84,70,False,False,False,False,0.2697967711570243,0.9629172873477994,1.2246467991473532e-16,-1.0,-0.9377521321470804,0.3473052528448203,-2.4492935982947064e-16,1.0,False,False,0.0,0.0,2019-07-25 01:00:00
3194,-74.06762212514877,40.7253399253558,0.0,0.0,0.0,0.0,1.0,3.0,2.0,1.0,1.0,1.0,3,25,7,2,True,1.79,0.0,0.0,0.0,84,70,False,False,False,False,0.5195839500354336,0.8544194045464886,1.2246467991473532e-16,-1.0,-0.9377521321470804,0.3473052528448203,-2.4492935982947064e-16,1.0,False,False,0.0,0.022864372,2019-07-25 02:00:00
3194,-74.06762212514877,40.7253399253558,240.0,0.0,0.0,0.0,0.0,1.0,3.0,0.0,0.0,0.0,3,25,7,3,True,1.79,0.0,0.0,0.0,84,70,False,False,False,False,0.730835964278124,0.6825531432186541,1.2246467991473532e-16,-1.0,-0.9377521321470804,0.3473052528448203,-2.4492935982947064e-16,1.0,False,False,1.0,0.98242134,2019-07-25 03:00:00
3194,-74.06762212514877,40.7253399253558,0.0,1.0,0.0,0.0,0.0,0.0,1.0,0.0,0.0,1.0,3,25,7,4,True,1.79,0.0,0.0,0.0,84,70,False,False,False,False,0.8878852184023752,0.4600650377311521,1.2246467991473532e-16,-1.0,-0.9377521321470804,0.3473052528448203,-2.4492935982947064e-16,1.0,False,False,0.0,0.050558813,2019-07-25 04:00:00
3194,-74.06762212514877,40.7253399253558,203.0,0.0,1.0,0.0,0.0,0.0,0.0,0.0,0.0,0.0,3,25,7,5,True,1.79,0.0,0.0,0.0,84,70,False,False,False,False,0.9790840876823228,0.2034560130526337,1.2246467991473532e-16,-1.0,-0.9377521321470804,0.3473052528448203,-2.4492935982947064e-16,1.0,False,False,1.0,0.920242,2019-07-25 05:00:00
3194,-74.06762212514877,40.7253399253558,0.0,1.0,0.0,1.0,0.0,0.0,0.0,1.0,1.0,1.0,3,25,7,6,True,1.79,0.0,0.0,0.0,84,70,False,False,False,False,0.9976687691905392,-0.0682424133646708,1.2246467991473532e-16,-1.0,-0.9377521321470804,0.3473052528448203,-2.4492935982947064e-16,1.0,False,False,0.0,0.0,2019-07-25 06:00:00
3194,-74.06762212514877,40.7253399253558,358.7142857142857,0.0,1.0,0.0,1.0,0.0,0.0,7.0,2.0,8.0,3,25,7,7,True,1.79,0.0,0.0,0.0,84,70,False,False,False,False,0.9422609221188204,-0.3348796121709861,1.2246467991473532e-16,-1.0,-0.9377521321470804,0.3473052528448203,-2.4492935982947064e-16,1.0,True,False,7.0,5.4632907,2019-07-25 07:00:00
3194,-74.06762212514877,40.7253399253558,388.0833333333333,7.0,0.0,1.0,0.0,1.0,0.0,10.0,7.0,2.0,3,25,7,8,True,1.79,0.0,0.0,0.0,84,70,False,False,False,False,0.8169698930104421,-0.576680322114867,1.2246467991473532e-16,-1.0,-0.9377521321470804,0.3473052528448203,-2.4492935982947064e-16,1.0,True,False,12.0,5.12961,2019-07-25 08:00:00
3194,-74.06762212514877,40.7253399253558,0.0,12.0,7.0,0.0,1.0,0.0,1.0,2.0,5.0,3.0,3,25,7,9,True,1.79,0.0,0.0,0.0,84,70,False,False,False,False,0.631087944326053,-0.7757112907044197,1.2246467991473532e-16,-1.0,-0.9377521321470804,0.3473052528448203,-2.4492935982947064e-16,1.0,True,False,0.0,1.1802653,2019-07-25 09:00:00
3194,-74.06762212514877,40.7253399253558,587.0,0.0,12.0,7.0,0.0,1.0,0.0,0.0,0.0,0.0,3,25,7,10,True,1.79,0.0,0.0,0.0,84,70,False,False,False,False,0.3984010898462414,-0.917211301505453,1.2246467991473532e-16,-1.0,-0.9377521321470804,0.3473052528448203,-2.4492935982947064e-16,1.0,False,False,1.0,1.2161855,2019-07-25 10:00:00
3194,-74.06762212514877,40.7253399253558,481.6666666666667,1.0,0.0,12.0,7.0,0.0,1.0,0.0,1.0,0.0,3,25,7,11,True,1.79,0.0,0.0,0.0,84,70,False,False,False,False,0.136166649096247,-0.9906859460363306,1.2246467991473532e-16,-1.0,-0.9377521321470804,0.3473052528448203,-2.4492935982947064e-16,1.0,False,False,3.0,1.7282752,2019-07-25 11:00:00
3194,-74.06762212514877,40.7253399253558,0.0,3.0,1.0,0.0,12.0,7.0,0.0,0.0,1.0,0.0,3,25,7,12,True,1.79,0.0,0.0,0.0,84,70,False,False,False,False,-0.1361666490962464,-0.9906859460363308,1.2246467991473532e-16,-1.0,-0.9377521321470804,0.3473052528448203,-2.4492935982947064e-16,1.0,False,False,0.0,0.0,2019-07-25 12:00:00
3194,-74.06762212514877,40.7253399253558,237.0,0.0,3.0,1.0,0.0,12.0,7.0,1.0,0.0,1.0,3,25,7,13,True,1.79,0.0,0.0,0.0,84,70,False,False,False,False,-0.3984010898462415,-0.9172113015054528,1.2246467991473532e-16,-1.0,-0.9377521321470804,0.3473052528448203,-2.4492935982947064e-16,1.0,False,False,2.0,1.323497,2019-07-25 13:00:00
3194,-74.06762212514877,40.7253399253558,909.6666666666666,2.0,0.0,3.0,1.0,0.0,12.0,0.0,1.0,1.0,3,25,7,14,True,1.79,0.0,0.0,0.0,84,70,False,False,False,False,-0.6310879443260529,-0.7757112907044198,1.2246467991473532e-16,-1.0,-0.9377521321470804,0.3473052528448203,-2.4492935982947064e-16,1.0,False,False,3.0,1.6808211,2019-07-25 14:00:00
3194,-74.06762212514877,40.7253399253558,2296.0,3.0,2.0,0.0,3.0,1.0,0.0,0.0,1.0,1.0,3,25,7,15,True,1.79,0.0,0.0,0.0,84,70,False,False,False,False,-0.8169698930104419,-0.5766803221148673,1.2246467991473532e-16,-1.0,-0.9377521321470804,0.3473052528448203,-2.4492935982947064e-16,1.0,False,False,2.0,1.9283779,2019-07-25 15:00:00
3194,-74.06762212514877,40.7253399253558,192.0,2.0,3.0,2.0,0.0,3.0,1.0,0.0,0.0,0.0,3,25,7,16,True,1.79,0.0,0.0,0.0,84,70,False,False,False,False,-0.9422609221188204,-0.3348796121709864,1.2246467991473532e-16,-1.0,-0.9377521321470804,0.3473052528448203,-2.4492935982947064e-16,1.0,False,True,1.0,1.1832663,2019-07-25 16:00:00
3194,-74.06762212514877,40.7253399253558,184.0,1.0,2.0,3.0,2.0,0.0,3.0,1.0,1.0,3.0,3,25,7,17,True,1.79,0.0,0.0,0.0,84,70,False,False,False,False,-0.9976687691905392,-0.0682424133646704,1.2246467991473532e-16,-1.0,-0.9377521321470804,0.3473052528448203,-2.4492935982947064e-16,1.0,False,True,1.0,0.9805952,2019-07-25 17:00:00
3194,-74.06762212514877,40.7253399253558,0.0,1.0,1.0,2.0,3.0,2.0,0.0,3.0,0.0,2.0,3,25,7,18,True,1.79,0.0,0.0,0.0,84,70,False,False,False,False,-0.979084087682323,0.2034560130526332,1.2246467991473532e-16,-1.0,-0.9377521321470804,0.3473052528448203,-2.4492935982947064e-16,1.0,False,True,0.0,0.017070841,2019-07-25 18:00:00
3194,-74.06762212514877,40.7253399253558,893.0,0.0,1.0,1.0,2.0,3.0,2.0,1.0,1.0,0.0,3,25,7,19,True,1.79,0.0,0.0,0.0,84,70,False,False,False,False,-0.8878852184023756,0.4600650377311516,1.2246467991473532e-16,-1.0,-0.9377521321470804,0.3473052528448203,-2.4492935982947064e-16,1.0,False,True,2.0,1.7225118,2019-07-25 19:00:00
3194,-74.06762212514877,40.7253399253558,343.0,2.0,0.0,1.0,1.0,2.0,3.0,2.0,2.0,0.0,3,25,7,20,True,1.79,0.0,0.0,0.0,84,70,False,False,False,False,-0.730835964278124,0.6825531432186541,1.2246467991473532e-16,-1.0,-0.9377521321470804,0.3473052528448203,-2.4492935982947064e-16,1.0,False,False,1.0,1.9645753,2019-07-25 20:00:00
3194,-74.06762212514877,40.7253399253558,240.0,1.0,2.0,0.0,1.0,1.0,2.0,3.0,3.0,1.0,3,25,7,21,True,1.79,0.0,0.0,0.0,84,70,False,False,False,False,-0.5195839500354336,0.8544194045464886,1.2246467991473532e-16,-1.0,-0.9377521321470804,0.3473052528448203,-2.4492935982947064e-16,1.0,False,False,1.0,1.8065305,2019-07-25 21:00:00
3194,-74.06762212514877,40.7253399253558,0.0,1.0,1.0,2.0,0.0,1.0,1.0,1.0,1.0,1.0,3,25,7,22,True,1.79,0.0,0.0,0.0,84,70,False,False,False,False,-0.2697967711570252,0.962917287347799,1.2246467991473532e-16,-1.0,-0.9377521321470804,0.3473052528448203,-2.4492935982947064e-16,1.0,False,False,0.0,0.0,2019-07-25 22:00:00
3194,-74.06762212514877,40.7253399253558,215.0,0.0,1.0,1.0,2.0,0.0,1.0,0.0,1.0,0.0,3,25,7,23,True,1.79,0.0,0.0,0.0,84,70,False,False,False,False,-2.4492935982947064e-16,1.0,1.2246467991473532e-16,-1.0,-0.9377521321470804,0.3473052528448203,-2.4492935982947064e-16,1.0,False,False,1.0,1.1098561,2019-07-25 23:00:00
3194,-74.06762212514877,40.7253399253558,315.0,1.0,0.0,1.0,1.0,2.0,0.0,0.0,0.0,0.0,4,26,7,0,True,1.57,0.0,0.0,0.0,88,69,False,False,False,False,0.0,1.0,-0.8660254037844384,-0.5000000000000004,-0.848644257494751,0.5289640103269624,-2.4492935982947064e-16,1.0,False,False,1.0,1.1836109,2019-07-26 00:00:00
3194,-74.06762212514877,40.7253399253558,206.0,1.0,1.0,0.0,1.0,1.0,2.0,0.0,2.0,0.0,4,26,7,1,True,1.57,0.0,0.0,0.0,88,69,False,False,False,False,0.2697967711570243,0.9629172873477994,-0.8660254037844384,-0.5000000000000004,-0.848644257494751,0.5289640103269624,-2.4492935982947064e-16,1.0,False,False,1.0,1.0093604,2019-07-26 01:00:00
3194,-74.06762212514877,40.7253399253558,0.0,1.0,1.0,1.0,0.0,1.0,1.0,0.0,1.0,0.0,4,26,7,2,True,1.57,0.0,0.0,0.0,88,69,False,False,False,False,0.5195839500354336,0.8544194045464886,-0.8660254037844384,-0.5000000000000004,-0.848644257494751,0.5289640103269624,-2.4492935982947064e-16,1.0,False,False,0.0,0.0,2019-07-26 02:00:00
3194,-74.06762212514877,40.7253399253558,199.0,0.0,1.0,1.0,1.0,0.0,1.0,1.0,0.0,0.0,4,26,7,3,True,1.57,0.0,0.0,0.0,88,69,False,False,False,False,0.730835964278124,0.6825531432186541,-0.8660254037844384,-0.5000000000000004,-0.848644257494751,0.5289640103269624,-2.4492935982947064e-16,1.0,False,False,1.0,1.0844399,2019-07-26 03:00:00
3194,-74.06762212514877,40.7253399253558,0.0,1.0,0.0,1.0,1.0,1.0,0.0,0.0,0.0,0.0,4,26,7,4,True,1.57,0.0,0.0,0.0,88,69,False,False,False,False,0.8878852184023752,0.4600650377311521,-0.8660254037844384,-0.5000000000000004,-0.848644257494751,0.5289640103269624,-2.4492935982947064e-16,1.0,False,False,0.0,0.073709525,2019-07-26 04:00:00
3194,-74.06762212514877,40.7253399253558,0.0,0.0,1.0,0.0,1.0,1.0,1.0,1.0,0.0,1.0,4,26,7,5,True,1.57,0.0,0.0,0.0,88,69,False,False,False,False,0.9790840876823228,0.2034560130526337,-0.8660254037844384,-0.5000000000000004,-0.848644257494751,0.5289640103269624,-2.4492935982947064e-16,1.0,False,False,0.0,0.0022430888,2019-07-26 05:00:00
3194,-74.06762212514877,40.7253399253558,198.0,0.0,0.0,1.0,0.0,1.0,1.0,0.0,1.0,2.0,4,26,7,6,True,1.57,0.0,0.0,0.0,88,69,False,False,False,False,0.9976687691905392,-0.0682424133646708,-0.8660254037844384,-0.5000000000000004,-0.848644257494751,0.5289640103269624,-2.4492935982947064e-16,1.0,False,False,2.0,1.4490848,2019-07-26 06:00:00
3194,-74.06762212514877,40.7253399253558,237.16666666666663,2.0,0.0,0.0,1.0,0.0,1.0,7.0,7.0,6.0,4,26,7,7,True,1.57,0.0,0.0,0.0,88,69,False,False,False,False,0.9422609221188204,-0.3348796121709861,-0.8660254037844384,-0.5000000000000004,-0.848644257494751,0.5289640103269624,-2.4492935982947064e-16,1.0,True,False,6.0,5.4393435,2019-07-26 07:00:00
3194,-74.06762212514877,40.7253399253558,413.4285714285714,6.0,2.0,0.0,0.0,1.0,0.0,12.0,10.0,3.0,4,26,7,8,True,1.57,0.0,0.0,0.0,88,69,False,False,False,False,0.8169698930104421,-0.576680322114867,-0.8660254037844384,-0.5000000000000004,-0.848644257494751,0.5289640103269624,-2.4492935982947064e-16,1.0,True,False,7.0,7.2558365,2019-07-26 08:00:00
3194,-74.06762212514877,40.7253399253558,0.0,7.0,6.0,2.0,0.0,0.0,1.0,0.0,2.0,3.0,4,26,7,9,True,1.57,0.0,0.0,0.0,88,69,False,False,False,False,0.631087944326053,-0.7757112907044197,-0.8660254037844384,-0.5000000000000004,-0.848644257494751,0.5289640103269624,-2.4492935982947064e-16,1.0,True,False,0.0,0.0,2019-07-26 09:00:00
3194,-74.06762212514877,40.7253399253558,0.0,0.0,7.0,6.0,2.0,0.0,0.0,1.0,0.0,0.0,4,26,7,10,True,1.57,0.0,0.0,0.0,88,69,False,False,False,False,0.3984010898462414,-0.917211301505453,-0.8660254037844384,-0.5000000000000004,-0.848644257494751,0.5289640103269624,-2.4492935982947064e-16,1.0,False,False,0.0,0.0,2019-07-26 10:00:00
3194,-74.06762212514877,40.7253399253558,396.0,0.0,0.0,7.0,6.0,2.0,0.0,3.0,0.0,2.0,4,26,7,11,True,1.57,0.0,0.0,0.0,88,69,False,False,False,False,0.136166649096247,-0.9906859460363306,-0.8660254037844384,-0.5000000000000004,-0.848644257494751,0.5289640103269624,-2.4492935982947064e-16,1.0,False,False,1.0,1.4243056,2019-07-26 11:00:00
3194,-74.06762212514877,40.7253399253558,0.0,1.0,0.0,0.0,7.0,6.0,2.0,0.0,0.0,1.0,4,26,7,12,True,1.57,0.0,0.0,0.0,88,69,False,False,False,False,-0.1361666490962464,-0.9906859460363308,-0.8660254037844384,-0.5000000000000004,-0.848644257494751,0.5289640103269624,-2.4492935982947064e-16,1.0,False,False,0.0,0.08796653,2019-07-26 12:00:00
3194,-74.06762212514877,40.7253399253558,0.0,0.0,1.0,0.0,0.0,7.0,6.0,2.0,1.0,0.0,4,26,7,13,True,1.57,0.0,0.0,0.0,88,69,False,False,False,False,-0.3984010898462415,-0.9172113015054528,-0.8660254037844384,-0.5000000000000004,-0.848644257494751,0.5289640103269624,-2.4492935982947064e-16,1.0,False,False,0.0,0.0,2019-07-26 13:00:00
3194,-74.06762212514877,40.7253399253558,1138.5,0.0,0.0,1.0,0.0,0.0,7.0,3.0,0.0,1.0,4,26,7,14,True,1.57,0.0,0.0,0.0,88,69,False,False,False,False,-0.6310879443260529,-0.7757112907044198,-0.8660254037844384,-0.5000000000000004,-0.848644257494751,0.5289640103269624,-2.4492935982947064e-16,1.0,False,False,2.0,1.5203726,2019-07-26 14:00:00
3194,-74.06762212514877,40.7253399253558,1086.0,2.0,0.0,0.0,1.0,0.0,0.0,2.0,0.0,1.0,4,26,7,15,True,1.57,0.0,0.0,0.0,88,69,False,False,False,False,-0.8169698930104419,-0.5766803221148673,-0.8660254037844384,-0.5000000000000004,-0.848644257494751,0.5289640103269624,-2.4492935982947064e-16,1.0,False,False,2.0,1.9983308,2019-07-26 15:00:00
3194,-74.06762212514877,40.7253399253558,0.0,2.0,2.0,0.0,0.0,1.0,0.0,1.0,0.0,2.0,4,26,7,16,True,1.57,0.0,0.0,0.0,88,69,False,False,False,False,-0.9422609221188204,-0.3348796121709864,-0.8660254037844384,-0.5000000000000004,-0.848644257494751,0.5289640103269624,-2.4492935982947064e-16,1.0,False,True,0.0,0.0,2019-07-26 16:00:00
3194,-74.06762212514877,40.7253399253558,277.0,0.0,2.0,2.0,0.0,0.0,1.0,1.0,1.0,0.0,4,26,7,17,True,1.57,0.0,0.0,0.0,88,69,False,False,False,False,-0.9976687691905392,-0.0682424133646704,-0.8660254037844384,-0.5000000000000004,-0.848644257494751,0.5289640103269624,-2.4492935982947064e-16,1.0,False,True,1.0,1.3158256,2019-07-26 17:00:00
3194,-74.06762212514877,40.7253399253558,0.0,1.0,0.0,2.0,2.0,0.0,0.0,0.0,3.0,0.0,4,26,7,18,True,1.57,0.0,0.0,0.0,88,69,False,False,False,False,-0.979084087682323,0.2034560130526332,-0.8660254037844384,-0.5000000000000004,-0.848644257494751,0.5289640103269624,-2.4492935982947064e-16,1.0,False,True,0.0,0.1050421,2019-07-26 18:00:00
3194,-74.06762212514877,40.7253399253558,213.0,0.0,1.0,0.0,2.0,2.0,0.0,2.0,1.0,1.0,4,26,7,19,True,1.57,0.0,0.0,0.0,88,69,False,False,False,False,-0.8878852184023756,0.4600650377311516,-0.8660254037844384,-0.5000000000000004,-0.848644257494751,0.5289640103269624,-2.4492935982947064e-16,1.0,False,True,1.0,1.0118855,2019-07-26 19:00:00
3194,-74.06762212514877,40.7253399253558,0.0,1.0,0.0,1.0,0.0,2.0,2.0,1.0,2.0,1.0,4,26,7,20,True,1.57,0.0,0.0,0.0,88,69,False,False,False,False,-0.730835964278124,0.6825531432186541,-0.8660254037844384,-0.5000000000000004,-0.848644257494751,0.5289640103269624,-2.4492935982947064e-16,1.0,False,False,0.0,0.06606972,2019-07-26 20:00:00
3194,-74.06762212514877,40.7253399253558,0.0,0.0,1.0,0.0,1.0,0.0,2.0,1.0,3.0,1.0,4,26,7,21,True,1.57,0.0,0.0,0.0,88,69,False,False,False,False,-0.5195839500354336,0.8544194045464886,-0.8660254037844384,-0.5000000000000004,-0.848644257494751,0.5289640103269624,-2.4492935982947064e-16,1.0,False,False,0.0,0.14753617,2019-07-26 21:00:00
3194,-74.06762212514877,40.7253399253558,0.0,0.0,0.0,1.0,0.0,1.0,0.0,0.0,1.0,0.0,4,26,7,22,True,1.57,0.0,0.0,0.0,88,69,False,False,False,False,-0.2697967711570252,0.962917287347799,-0.8660254037844384,-0.5000000000000004,-0.848644257494751,0.5289640103269624,-2.4492935982947064e-16,1.0,False,False,0.0,0.051523477,2019-07-26 22:00:00
3194,-74.06762212514877,40.7253399253558,0.0,0.0,0.0,0.0,1.0,0.0,1.0,1.0,0.0,0.0,4,26,7,23,True,1.57,0.0,0.0,0.0,88,69,False,False,False,False,-2.4492935982947064e-16,1.0,-0.8660254037844384,-0.5000000000000004,-0.848644257494751,0.5289640103269624,-2.4492935982947064e-16,1.0,False,False,0.0,0.057714324,2019-07-26 23:00:00
3194,-74.06762212514877,40.7253399253558,0.0,0.0,0.0,0.0,0.0,1.0,0.0,1.0,0.0,0.0,5,27,7,0,False,2.91,0.0,0.0,0.0,85,72,False,False,False,False,0.0,1.0,-0.8660254037844386,0.5,-0.72479278722912,0.6889669190756864,-2.4492935982947064e-16,1.0,False,False,0.0,0.03995405,2019-07-27 00:00:00
3194,-74.06762212514877,40.7253399253558,222.0,0.0,0.0,0.0,0.0,0.0,1.0,1.0,0.0,1.0,5,27,7,1,False,2.91,0.0,0.0,0.0,85,72,False,False,False,False,0.2697967711570243,0.9629172873477994,-0.8660254037844386,0.5,-0.72479278722912,0.6889669190756864,-2.4492935982947064e-16,1.0,False,False,1.0,1.1418542,2019-07-27 01:00:00
3194,-74.06762212514877,40.7253399253558,0.0,1.0,0.0,0.0,0.0,0.0,0.0,0.0,0.0,0.0,5,27,7,2,False,2.91,0.0,0.0,0.0,85,72,False,False,False,False,0.5195839500354336,0.8544194045464886,-0.8660254037844386,0.5,-0.72479278722912,0.6889669190756864,-2.4492935982947064e-16,1.0,False,False,0.0,0.0007891857,2019-07-27 02:00:00
3194,-74.06762212514877,40.7253399253558,0.0,0.0,1.0,0.0,0.0,0.0,0.0,1.0,1.0,0.0,5,27,7,3,False,2.91,0.0,0.0,0.0,85,72,False,False,False,False,0.730835964278124,0.6825531432186541,-0.8660254037844386,0.5,-0.72479278722912,0.6889669190756864,-2.4492935982947064e-16,1.0,False,False,0.0,0.0,2019-07-27 03:00:00
3194,-74.06762212514877,40.7253399253558,0.0,0.0,0.0,1.0,0.0,0.0,0.0,0.0,0.0,0.0,5,27,7,4,False,2.91,0.0,0.0,0.0,85,72,False,False,False,False,0.8878852184023752,0.4600650377311521,-0.8660254037844386,0.5,-0.72479278722912,0.6889669190756864,-2.4492935982947064e-16,1.0,False,False,0.0,0.037765082,2019-07-27 04:00:00
3194,-74.06762212514877,40.7253399253558,0.0,0.0,0.0,0.0,1.0,0.0,0.0,0.0,1.0,1.0,5,27,7,5,False,2.91,0.0,0.0,0.0,85,72,False,False,False,False,0.9790840876823228,0.2034560130526337,-0.8660254037844386,0.5,-0.72479278722912,0.6889669190756864,-2.4492935982947064e-16,1.0,False,False,0.0,0.0,2019-07-27 05:00:00
3194,-74.06762212514877,40.7253399253558,0.0,0.0,0.0,0.0,0.0,1.0,0.0,2.0,0.0,0.0,5,27,7,6,False,2.91,0.0,0.0,0.0,85,72,False,False,False,False,0.9976687691905392,-0.0682424133646708,-0.8660254037844386,0.5,-0.72479278722912,0.6889669190756864,-2.4492935982947064e-16,1.0,False,False,0.0,0.0,2019-07-27 06:00:00
3194,-74.06762212514877,40.7253399253558,0.0,0.0,0.0,0.0,0.0,0.0,1.0,6.0,7.0,0.0,5,27,7,7,False,2.91,0.0,0.0,0.0,85,72,False,False,False,False,0.9422609221188204,-0.3348796121709861,-0.8660254037844386,0.5,-0.72479278722912,0.6889669190756864,-2.4492935982947064e-16,1.0,True,False,0.0,0.43752506,2019-07-27 07:00:00
3194,-74.06762212514877,40.7253399253558,0.0,0.0,0.0,0.0,0.0,0.0,0.0,7.0,12.0,0.0,5,27,7,8,False,2.91,0.0,0.0,0.0,85,72,False,False,False,False,0.8169698930104421,-0.576680322114867,-0.8660254037844386,0.5,-0.72479278722912,0.6889669190756864,-2.4492935982947064e-16,1.0,True,False,0.0,0.4205687,2019-07-27 08:00:00
3194,-74.06762212514877,40.7253399253558,0.0,0.0,0.0,0.0,0.0,0.0,0.0,0.0,0.0,1.0,5,27,7,9,False,2.91,0.0,0.0,0.0,85,72,False,False,False,False,0.631087944326053,-0.7757112907044197,-0.8660254037844386,0.5,-0.72479278722912,0.6889669190756864,-2.4492935982947064e-16,1.0,True,False,0.0,0.11839671,2019-07-27 09:00:00
3194,-74.06762212514877,40.7253399253558,687.0,0.0,0.0,0.0,0.0,0.0,0.0,0.0,1.0,1.0,5,27,7,10,False,2.91,0.0,0.0,0.0,85,72,False,False,False,False,0.3984010898462414,-0.917211301505453,-0.8660254037844386,0.5,-0.72479278722912,0.6889669190756864,-2.4492935982947064e-16,1.0,False,False,1.0,1.8052433,2019-07-27 10:00:00
3194,-74.06762212514877,40.7253399253558,752.5,1.0,0.0,0.0,0.0,0.0,0.0,1.0,3.0,2.0,5,27,7,11,False,2.91,0.0,0.0,0.0,85,72,False,False,False,False,0.136166649096247,-0.9906859460363306,-0.8660254037844386,0.5,-0.72479278722912,0.6889669190756864,-2.4492935982947064e-16,1.0,False,False,2.0,2.1355834,2019-07-27 11:00:00
3194,-74.06762212514877,40.7253399253558,879.5,2.0,1.0,0.0,0.0,0.0,0.0,0.0,0.0,0.0,5,27,7,12,False,2.91,0.0,0.0,0.0,85,72,False,False,False,False,-0.1361666490962464,-0.9906859460363308,-0.8660254037844386,0.5,-0.72479278722912,0.6889669190756864,-2.4492935982947064e-16,1.0,False,False,2.0,2.227044,2019-07-27 12:00:00
3194,-74.06762212514877,40.7253399253558,650.6666666666666,2.0,2.0,1.0,0.0,0.0,0.0,0.0,2.0,0.0,5,27,7,13,False,2.91,0.0,0.0,0.0,85,72,False,False,False,False,-0.3984010898462415,-0.9172113015054528,-0.8660254037844386,0.5,-0.72479278722912,0.6889669190756864,-2.4492935982947064e-16,1.0,False,False,3.0,2.1560576,2019-07-27 13:00:00
3194,-74.06762212514877,40.7253399253558,210.0,3.0,2.0,2.0,1.0,0.0,0.0,2.0,3.0,1.0,5,27,7,14,False,2.91,0.0,0.0,0.0,85,72,False,False,False,False,-0.6310879443260529,-0.7757112907044198,-0.8660254037844386,0.5,-0.72479278722912,0.6889669190756864,-2.4492935982947064e-16,1.0,False,False,1.0,1.3343457,2019-07-27 14:00:00
3194,-74.06762212514877,40.7253399253558,0.0,1.0,3.0,2.0,2.0,1.0,0.0,2.0,2.0,1.0,5,27,7,15,False,2.91,0.0,0.0,0.0,85,72,False,False,False,False,-0.8169698930104419,-0.5766803221148673,-0.8660254037844386,0.5,-0.72479278722912,0.6889669190756864,-2.4492935982947064e-16,1.0,False,False,0.0,0.0,2019-07-27 15:00:00
3194,-74.06762212514877,40.7253399253558,0.0,0.0,1.0,3.0,2.0,2.0,1.0,0.0,1.0,0.0,5,27,7,16,False,2.91,0.0,0.0,0.0,85,72,False,False,False,False,-0.9422609221188204,-0.3348796121709864,-0.8660254037844386,0.5,-0.72479278722912,0.6889669190756864,-2.4492935982947064e-16,1.0,False,True,0.0,0.0,2019-07-27 16:00:00
3194,-74.06762212514877,40.7253399253558,1650.2,0.0,0.0,1.0,3.0,2.0,2.0,1.0,1.0,0.0,5,27,7,17,False,2.91,0.0,0.0,0.0,85,72,False,False,False,False,-0.9976687691905392,-0.0682424133646704,-0.8660254037844386,0.5,-0.72479278722912,0.6889669190756864,-2.4492935982947064e-16,1.0,False,True,5.0,2.1302326,2019-07-27 17:00:00
3194,-74.06762212514877,40.7253399253558,1086.4,5.0,0.0,0.0,1.0,3.0,2.0,0.0,0.0,0.0,5,27,7,18,False,2.91,0.0,0.0,0.0,85,72,False,False,False,False,-0.979084087682323,0.2034560130526332,-0.8660254037844386,0.5,-0.72479278722912,0.6889669190756864,-2.4492935982947064e-16,1.0,False,True,5.0,1.9935253,2019-07-27 18:00:00
3194,-74.06762212514877,40.7253399253558,1115.0,5.0,5.0,0.0,0.0,1.0,3.0,1.0,2.0,1.0,5,27,7,19,False,2.91,0.0,0.0,0.0,85,72,False,False,False,False,-0.8878852184023756,0.4600650377311516,-0.8660254037844386,0.5,-0.72479278722912,0.6889669190756864,-2.4492935982947064e-16,1.0,False,True,1.0,1.7729347,2019-07-27 19:00:00
3194,-74.06762212514877,40.7253399253558,1602.0,1.0,5.0,5.0,0.0,0.0,1.0,0.0,1.0,3.0,5,27,7,20,False,2.91,0.0,0.0,0.0,85,72,False,False,False,False,-0.730835964278124,0.6825531432186541,-0.8660254037844386,0.5,-0.72479278722912,0.6889669190756864,-2.4492935982947064e-16,1.0,False,False,1.0,1.9202629,2019-07-27 20:00:00
3194,-74.06762212514877,40.7253399253558,9760.0,1.0,1.0,5.0,5.0,0.0,0.0,0.0,1.0,1.0,5,27,7,21,False,2.91,0.0,0.0,0.0,85,72,False,False,False,False,-0.5195839500354336,0.8544194045464886,-0.8660254037844386,0.5,-0.72479278722912,0.6889669190756864,-2.4492935982947064e-16,1.0,False,False,1.0,2.7193973,2019-07-27 21:00:00
3194,-74.06762212514877,40.7253399253558,967.0,1.0,1.0,1.0,5.0,5.0,0.0,0.0,0.0,1.0,5,27,7,22,False,2.91,0.0,0.0,0.0,85,72,False,False,False,False,-0.2697967711570252,0.962917287347799,-0.8660254037844386,0.5,-0.72479278722912,0.6889669190756864,-2.4492935982947064e-16,1.0,False,False,1.0,1.6572853,2019-07-27 22:00:00
3194,-74.06762212514877,40.7253399253558,0.0,1.0,1.0,1.0,1.0,5.0,5.0,0.0,1.0,0.0,5,27,7,23,False,2.91,0.0,0.0,0.0,85,72,False,False,False,False,-2.4492935982947064e-16,1.0,-0.8660254037844386,0.5,-0.72479278722912,0.6889669190756864,-2.4492935982947064e-16,1.0,False,False,0.0,0.0,2019-07-27 23:00:00
3194,-74.06762212514877,40.7253399253558,618.5,0.0,1.0,1.0,1.0,1.0,5.0,0.0,1.0,0.0,6,28,7,0,False,5.37,0.01,0.0,0.0,88,71,True,False,False,False,0.0,1.0,-2.4492935982947064e-16,1.0,-0.5712682150947924,0.8207634412072763,-2.4492935982947064e-16,1.0,False,False,2.0,1.5793267,2019-07-28 00:00:00
3194,-74.06762212514877,40.7253399253558,0.0,2.0,0.0,1.0,1.0,1.0,1.0,1.0,1.0,0.0,6,28,7,1,False,5.37,0.01,0.0,0.0,88,71,True,False,False,False,0.2697967711570243,0.9629172873477994,-2.4492935982947064e-16,1.0,-0.5712682150947924,0.8207634412072763,-2.4492935982947064e-16,1.0,False,False,0.0,0.0,2019-07-28 01:00:00
3194,-74.06762212514877,40.7253399253558,0.0,0.0,2.0,0.0,1.0,1.0,1.0,0.0,0.0,0.0,6,28,7,2,False,5.37,0.01,0.0,0.0,88,71,True,False,False,False,0.5195839500354336,0.8544194045464886,-2.4492935982947064e-16,1.0,-0.5712682150947924,0.8207634412072763,-2.4492935982947064e-16,1.0,False,False,0.0,0.056419946,2019-07-28 02:00:00
3194,-74.06762212514877,40.7253399253558,185.0,0.0,0.0,2.0,0.0,1.0,1.0,0.0,1.0,0.0,6,28,7,3,False,5.37,0.01,0.0,0.0,88,71,True,False,False,False,0.730835964278124,0.6825531432186541,-2.4492935982947064e-16,1.0,-0.5712682150947924,0.8207634412072763,-2.4492935982947064e-16,1.0,False,False,1.0,1.1141096,2019-07-28 03:00:00
3194,-74.06762212514877,40.7253399253558,0.0,1.0,0.0,0.0,2.0,0.0,1.0,0.0,0.0,0.0,6,28,7,4,False,5.37,0.01,0.0,0.0,88,71,True,False,False,False,0.8878852184023752,0.4600650377311521,-2.4492935982947064e-16,1.0,-0.5712682150947924,0.8207634412072763,-2.4492935982947064e-16,1.0,False,False,0.0,0.0,2019-07-28 04:00:00
3194,-74.06762212514877,40.7253399253558,0.0,0.0,1.0,0.0,0.0,2.0,0.0,0.0,0.0,0.0,6,28,7,5,False,5.37,0.01,0.0,0.0,88,71,True,False,False,False,0.9790840876823228,0.2034560130526337,-2.4492935982947064e-16,1.0,-0.5712682150947924,0.8207634412072763,-2.4492935982947064e-16,1.0,False,False,0.0,0.0,2019-07-28 05:00:00
3194,-74.06762212514877,40.7253399253558,187.0,0.0,0.0,1.0,0.0,0.0,2.0,0.0,2.0,0.0,6,28,7,6,False,5.37,0.01,0.0,0.0,88,71,True,False,False,False,0.9976687691905392,-0.0682424133646708,-2.4492935982947064e-16,1.0,-0.5712682150947924,0.8207634412072763,-2.4492935982947064e-16,1.0,False,False,1.0,1.2518631,2019-07-28 06:00:00
3194,-74.06762212514877,40.7253399253558,0.0,1.0,0.0,0.0,1.0,0.0,0.0,0.0,6.0,0.0,6,28,7,7,False,5.37,0.01,0.0,0.0,88,71,True,False,False,False,0.9422609221188204,-0.3348796121709861,-2.4492935982947064e-16,1.0,-0.5712682150947924,0.8207634412072763,-2.4492935982947064e-16,1.0,True,False,0.0,0.0,2019-07-28 07:00:00
3194,-74.06762212514877,40.7253399253558,0.0,0.0,1.0,0.0,0.0,1.0,0.0,0.0,7.0,1.0,6,28,7,8,False,5.37,0.01,0.0,0.0,88,71,True,False,False,False,0.8169698930104421,-0.576680322114867,-2.4492935982947064e-16,1.0,-0.5712682150947924,0.8207634412072763,-2.4492935982947064e-16,1.0,True,False,0.0,0.54748744,2019-07-28 08:00:00
3194,-74.06762212514877,40.7253399253558,345.0,0.0,0.0,1.0,0.0,0.0,1.0,0.0,0.0,0.0,6,28,7,9,False,5.37,0.01,0.0,0.0,88,71,True,False,False,False,0.631087944326053,-0.7757112907044197,-2.4492935982947064e-16,1.0,-0.5712682150947924,0.8207634412072763,-2.4492935982947064e-16,1.0,True,False,1.0,1.7662786,2019-07-28 09:00:00
3194,-74.06762212514877,40.7253399253558,0.0,1.0,0.0,0.0,1.0,0.0,0.0,1.0,0.0,1.0,6,28,7,10,False,5.37,0.01,0.0,0.0,88,71,True,False,False,False,0.3984010898462414,-0.917211301505453,-2.4492935982947064e-16,1.0,-0.5712682150947924,0.8207634412072763,-2.4492935982947064e-16,1.0,False,False,0.0,0.0,2019-07-28 10:00:00
3194,-74.06762212514877,40.7253399253558,1206.5,0.0,1.0,0.0,0.0,1.0,0.0,2.0,1.0,1.0,6,28,7,11,False,5.37,0.01,0.0,0.0,88,71,True,False,False,False,0.136166649096247,-0.9906859460363306,-2.4492935982947064e-16,1.0,-0.5712682150947924,0.8207634412072763,-2.4492935982947064e-16,1.0,False,False,2.0,1.8528469,2019-07-28 11:00:00
3194,-74.06762212514877,40.7253399253558,36561.0,2.0,0.0,1.0,0.0,0.0,1.0,2.0,0.0,1.0,6,28,7,12,False,5.37,0.01,0.0,0.0,88,71,True,False,False,False,-0.1361666490962464,-0.9906859460363308,-2.4492935982947064e-16,1.0,-0.5712682150947924,0.8207634412072763,-2.4492935982947064e-16,1.0,False,False,3.0,1.6503944,2019-07-28 12:00:00
3194,-74.06762212514877,40.7253399253558,0.0,3.0,2.0,0.0,1.0,0.0,0.0,3.0,0.0,0.0,6,28,7,13,False,5.37,0.01,0.0,0.0,88,71,True,False,False,False,-0.3984010898462415,-0.9172113015054528,-2.4492935982947064e-16,1.0,-0.5712682150947924,0.8207634412072763,-2.4492935982947064e-16,1.0,False,False,0.0,0.0,2019-07-28 13:00:00
3194,-74.06762212514877,40.7253399253558,0.0,0.0,3.0,2.0,0.0,1.0,0.0,1.0,2.0,1.0,6,28,7,14,False,5.37,0.01,0.0,0.0,88,71,True,False,False,False,-0.6310879443260529,-0.7757112907044198,-2.4492935982947064e-16,1.0,-0.5712682150947924,0.8207634412072763,-2.4492935982947064e-16,1.0,False,False,0.0,0.023341812,2019-07-28 14:00:00
3194,-74.06762212514877,40.7253399253558,0.0,0.0,0.0,3.0,2.0,0.0,1.0,0.0,2.0,1.0,6,28,7,15,False,5.37,0.01,0.0,0.0,88,71,True,False,False,False,-0.8169698930104419,-0.5766803221148673,-2.4492935982947064e-16,1.0,-0.5712682150947924,0.8207634412072763,-2.4492935982947064e-16,1.0,False,False,0.0,0.1523469,2019-07-28 15:00:00
3194,-74.06762212514877,40.7253399253558,621.3333333333334,0.0,0.0,0.0,3.0,2.0,0.0,0.0,0.0,1.0,6,28,7,16,False,5.37,0.01,0.0,0.0,88,71,True,False,False,False,-0.9422609221188204,-0.3348796121709864,-2.4492935982947064e-16,1.0,-0.5712682150947924,0.8207634412072763,-2.4492935982947064e-16,1.0,False,True,3.0,2.0071642,2019-07-28 16:00:00
3194,-74.06762212514877,40.7253399253558,115.0,3.0,0.0,0.0,0.0,3.0,2.0,5.0,1.0,0.0,6,28,7,17,False,5.37,0.01,0.0,0.0,88,71,True,False,False,False,-0.9976687691905392,-0.0682424133646704,-2.4492935982947064e-16,1.0,-0.5712682150947924,0.8207634412072763,-2.4492935982947064e-16,1.0,False,True,1.0,1.0345837,2019-07-28 17:00:00
3194,-74.06762212514877,40.7253399253558,2528.0,1.0,3.0,0.0,0.0,0.0,3.0,5.0,0.0,0.0,6,28,7,18,False,5.37,0.01,0.0,0.0,88,71,True,False,False,False,-0.979084087682323,0.2034560130526332,-2.4492935982947064e-16,1.0,-0.5712682150947924,0.8207634412072763,-2.4492935982947064e-16,1.0,False,True,1.0,2.317259,2019-07-28 18:00:00
3194,-74.06762212514877,40.7253399253558,0.0,1.0,1.0,3.0,0.0,0.0,0.0,1.0,1.0,1.0,6,28,7,19,False,5.37,0.01,0.0,0.0,88,71,True,False,False,False,-0.8878852184023756,0.4600650377311516,-2.4492935982947064e-16,1.0,-0.5712682150947924,0.8207634412072763,-2.4492935982947064e-16,1.0,False,True,0.0,0.0,2019-07-28 19:00:00
3194,-74.06762212514877,40.7253399253558,309.0,0.0,1.0,1.0,3.0,0.0,0.0,1.0,0.0,0.0,6,28,7,20,False,5.37,0.01,0.0,0.0,88,71,True,False,False,False,-0.730835964278124,0.6825531432186541,-2.4492935982947064e-16,1.0,-0.5712682150947924,0.8207634412072763,-2.4492935982947064e-16,1.0,False,False,1.0,1.7564819,2019-07-28 20:00:00
3194,-74.06762212514877,40.7253399253558,383.0,1.0,0.0,1.0,1.0,3.0,0.0,1.0,0.0,1.0,6,28,7,21,False,5.37,0.01,0.0,0.0,88,71,True,False,False,False,-0.5195839500354336,0.8544194045464886,-2.4492935982947064e-16,1.0,-0.5712682150947924,0.8207634412072763,-2.4492935982947064e-16,1.0,False,False,3.0,1.6276634,2019-07-28 21:00:00
3194,-74.06762212514877,40.7253399253558,0.0,3.0,1.0,0.0,1.0,1.0,3.0,1.0,0.0,1.0,6,28,7,22,False,5.37,0.01,0.0,0.0,88,71,True,False,False,False,-0.2697967711570252,0.962917287347799,-2.4492935982947064e-16,1.0,-0.5712682150947924,0.8207634412072763,-2.4492935982947064e-16,1.0,False,False,0.0,0.0,2019-07-28 22:00:00
3194,-74.06762212514877,40.7253399253558,0.0,0.0,3.0,1.0,0.0,1.0,1.0,0.0,0.0,0.0,6,28,7,23,False,5.37,0.01,0.0,0.0,88,71,True,False,False,False,-2.4492935982947064e-16,1.0,-2.4492935982947064e-16,1.0,-0.5712682150947924,0.8207634412072763,-2.4492935982947064e-16,1.0,False,False,0.0,0.0,2019-07-28 23:00:00
3194,-74.06762212514877,40.7253399253558,0.0,0.0,0.0,3.0,1.0,0.0,1.0,2.0,0.0,0.0,0,29,7,0,True,4.47,0.0,0.0,0.0,90,73,False,False,False,False,0.0,1.0,0.0,1.0,-0.3943558551133187,0.9189578116202306,-2.4492935982947064e-16,1.0,False,False,0.0,0.0,2019-07-29 00:00:00
3194,-74.06762212514877,40.7253399253558,0.0,0.0,0.0,0.0,3.0,1.0,0.0,0.0,1.0,0.0,0,29,7,1,True,4.47,0.0,0.0,0.0,90,73,False,False,False,False,0.2697967711570243,0.9629172873477994,0.0,1.0,-0.3943558551133187,0.9189578116202306,-2.4492935982947064e-16,1.0,False,False,0.0,0.02033511,2019-07-29 01:00:00
3194,-74.06762212514877,40.7253399253558,0.0,0.0,0.0,0.0,0.0,3.0,1.0,0.0,0.0,0.0,0,29,7,2,True,4.47,0.0,0.0,0.0,90,73,False,False,False,False,0.5195839500354336,0.8544194045464886,0.0,1.0,-0.3943558551133187,0.9189578116202306,-2.4492935982947064e-16,1.0,False,False,0.0,0.032668624,2019-07-29 02:00:00
3194,-74.06762212514877,40.7253399253558,0.0,0.0,0.0,0.0,0.0,0.0,3.0,1.0,0.0,0.0,0,29,7,3,True,4.47,0.0,0.0,0.0,90,73,False,False,False,False,0.730835964278124,0.6825531432186541,0.0,1.0,-0.3943558551133187,0.9189578116202306,-2.4492935982947064e-16,1.0,False,False,0.0,0.03168454,2019-07-29 03:00:00
3194,-74.06762212514877,40.7253399253558,0.0,0.0,0.0,0.0,0.0,0.0,0.0,0.0,0.0,0.0,0,29,7,4,True,4.47,0.0,0.0,0.0,90,73,False,False,False,False,0.8878852184023752,0.4600650377311521,0.0,1.0,-0.3943558551133187,0.9189578116202306,-2.4492935982947064e-16,1.0,False,False,0.0,0.03395705,2019-07-29 04:00:00
3194,-74.06762212514877,40.7253399253558,0.0,0.0,0.0,0.0,0.0,0.0,0.0,0.0,0.0,0.0,0,29,7,5,True,4.47,0.0,0.0,0.0,90,73,False,False,False,False,0.9790840876823228,0.2034560130526337,0.0,1.0,-0.3943558551133187,0.9189578116202306,-2.4492935982947064e-16,1.0,False,False,0.0,0.052034426,2019-07-29 05:00:00
3194,-74.06762212514877,40.7253399253558,184.0,0.0,0.0,0.0,0.0,0.0,0.0,1.0,0.0,1.0,0,29,7,6,True,4.47,0.0,0.0,0.0,90,73,False,False,False,False,0.9976687691905392,-0.0682424133646708,0.0,1.0,-0.3943558551133187,0.9189578116202306,-2.4492935982947064e-16,1.0,False,False,3.0,1.3701454,2019-07-29 06:00:00
3194,-74.06762212514877,40.7253399253558,268.3333333333333,3.0,0.0,0.0,0.0,0.0,0.0,0.0,0.0,4.0,0,29,7,7,True,4.47,0.0,0.0,0.0,90,73,False,False,False,False,0.9422609221188204,-0.3348796121709861,0.0,1.0,-0.3943558551133187,0.9189578116202306,-2.4492935982947064e-16,1.0,True,False,3.0,4.0512896,2019-07-29 07:00:00
3194,-74.06762212514877,40.7253399253558,264.22222222222223,3.0,3.0,0.0,0.0,0.0,0.0,0.0,0.0,7.0,0,29,7,8,True,4.47,0.0,0.0,0.0,90,73,False,False,False,False,0.8169698930104421,-0.576680322114867,0.0,1.0,-0.3943558551133187,0.9189578116202306,-2.4492935982947064e-16,1.0,True,False,9.0,5.344671,2019-07-29 08:00:00
3194,-74.06762212514877,40.7253399253558,0.0,9.0,3.0,3.0,0.0,0.0,0.0,1.0,0.0,3.0,0,29,7,9,True,4.47,0.0,0.0,0.0,90,73,False,False,False,False,0.631087944326053,-0.7757112907044197,0.0,1.0,-0.3943558551133187,0.9189578116202306,-2.4492935982947064e-16,1.0,True,False,0.0,0.29532424,2019-07-29 09:00:00
3194,-74.06762212514877,40.7253399253558,0.0,0.0,9.0,3.0,3.0,0.0,0.0,0.0,1.0,0.0,0,29,7,10,True,4.47,0.0,0.0,0.0,90,73,False,False,False,False,0.3984010898462414,-0.917211301505453,0.0,1.0,-0.3943558551133187,0.9189578116202306,-2.4492935982947064e-16,1.0,False,False,0.0,0.011152667,2019-07-29 10:00:00
3194,-74.06762212514877,40.7253399253558,152.0,0.0,0.0,9.0,3.0,3.0,0.0,2.0,2.0,1.0,0,29,7,11,True,4.47,0.0,0.0,0.0,90,73,False,False,False,False,0.136166649096247,-0.9906859460363306,0.0,1.0,-0.3943558551133187,0.9189578116202306,-2.4492935982947064e-16,1.0,False,False,1.0,1.0025868,2019-07-29 11:00:00
3194,-74.06762212514877,40.7253399253558,0.0,1.0,0.0,0.0,9.0,3.0,3.0,3.0,2.0,0.0,0,29,7,12,True,4.47,0.0,0.0,0.0,90,73,False,False,False,False,-0.1361666490962464,-0.9906859460363308,0.0,1.0,-0.3943558551133187,0.9189578116202306,-2.4492935982947064e-16,1.0,False,False,0.0,0.0,2019-07-29 12:00:00
3194,-74.06762212514877,40.7253399253558,0.0,0.0,1.0,0.0,0.0,9.0,3.0,0.0,3.0,1.0,0,29,7,13,True,4.47,0.0,0.0,0.0,90,73,False,False,False,False,-0.3984010898462415,-0.9172113015054528,0.0,1.0,-0.3943558551133187,0.9189578116202306,-2.4492935982947064e-16,1.0,False,False,0.0,0.13913408,2019-07-29 13:00:00
3194,-74.06762212514877,40.7253399253558,0.0,0.0,0.0,1.0,0.0,0.0,9.0,0.0,1.0,2.0,0,29,7,14,True,4.47,0.0,0.0,0.0,90,73,False,False,False,False,-0.6310879443260529,-0.7757112907044198,0.0,1.0,-0.3943558551133187,0.9189578116202306,-2.4492935982947064e-16,1.0,False,False,0.0,0.028706497,2019-07-29 14:00:00
3194,-74.06762212514877,40.7253399253558,0.0,0.0,0.0,0.0,1.0,0.0,0.0,0.0,0.0,0.0,0,29,7,15,True,4.47,0.0,0.0,0.0,90,73,False,False,False,False,-0.8169698930104419,-0.5766803221148673,0.0,1.0,-0.3943558551133187,0.9189578116202306,-2.4492935982947064e-16,1.0,False,False,0.0,0.047358777,2019-07-29 15:00:00
3194,-74.06762212514877,40.7253399253558,0.0,0.0,0.0,0.0,0.0,1.0,0.0,3.0,0.0,0.0,0,29,7,16,True,4.47,0.0,0.0,0.0,90,73,False,False,False,False,-0.9422609221188204,-0.3348796121709864,0.0,1.0,-0.3943558551133187,0.9189578116202306,-2.4492935982947064e-16,1.0,False,True,0.0,0.0,2019-07-29 16:00:00
3194,-74.06762212514877,40.7253399253558,1377.0,0.0,0.0,0.0,0.0,0.0,1.0,1.0,5.0,1.0,0,29,7,17,True,4.47,0.0,0.0,0.0,90,73,False,False,False,False,-0.9976687691905392,-0.0682424133646704,0.0,1.0,-0.3943558551133187,0.9189578116202306,-2.4492935982947064e-16,1.0,False,True,1.0,1.9321127,2019-07-29 17:00:00
3194,-74.06762212514877,40.7253399253558,301.5,1.0,0.0,0.0,0.0,0.0,0.0,1.0,5.0,1.0,0,29,7,18,True,4.47,0.0,0.0,0.0,90,73,False,False,False,False,-0.979084087682323,0.2034560130526332,0.0,1.0,-0.3943558551133187,0.9189578116202306,-2.4492935982947064e-16,1.0,False,True,2.0,2.0493324,2019-07-29 18:00:00
3194,-74.06762212514877,40.7253399253558,0.0,2.0,1.0,0.0,0.0,0.0,0.0,0.0,1.0,0.0,0,29,7,19,True,4.47,0.0,0.0,0.0,90,73,False,False,False,False,-0.8878852184023756,0.4600650377311516,0.0,1.0,-0.3943558551133187,0.9189578116202306,-2.4492935982947064e-16,1.0,False,True,0.0,0.0,2019-07-29 19:00:00
3194,-74.06762212514877,40.7253399253558,332.0,0.0,2.0,1.0,0.0,0.0,0.0,1.0,1.0,0.0,0,29,7,20,True,4.47,0.0,0.0,0.0,90,73,False,False,False,False,-0.730835964278124,0.6825531432186541,0.0,1.0,-0.3943558551133187,0.9189578116202306,-2.4492935982947064e-16,1.0,False,False,2.0,1.2333977,2019-07-29 20:00:00
3194,-74.06762212514877,40.7253399253558,139.0,2.0,0.0,2.0,1.0,0.0,0.0,3.0,1.0,1.0,0,29,7,21,True,4.47,0.0,0.0,0.0,90,73,False,False,False,False,-0.5195839500354336,0.8544194045464886,0.0,1.0,-0.3943558551133187,0.9189578116202306,-2.4492935982947064e-16,1.0,False,False,1.0,1.3611256,2019-07-29 21:00:00
3194,-74.06762212514877,40.7253399253558,172.0,1.0,2.0,0.0,2.0,1.0,0.0,0.0,1.0,0.0,0,29,7,22,True,4.47,0.0,0.0,0.0,90,73,False,False,False,False,-0.2697967711570252,0.962917287347799,0.0,1.0,-0.3943558551133187,0.9189578116202306,-2.4492935982947064e-16,1.0,False,False,1.0,1.2391007,2019-07-29 22:00:00
3194,-74.06762212514877,40.7253399253558,242.0,1.0,1.0,2.0,0.0,2.0,1.0,0.0,0.0,0.0,0,29,7,23,True,4.47,0.0,0.0,0.0,90,73,False,False,False,False,-2.4492935982947064e-16,1.0,0.0,1.0,-0.3943558551133187,0.9189578116202306,-2.4492935982947064e-16,1.0,False,False,1.0,1.4001274,2019-07-29 23:00:00
3194,-74.06762212514877,40.7253399253558,392.0,1.0,1.0,1.0,2.0,0.0,2.0,0.0,2.0,0.0,1,30,7,0,True,3.36,0.01,0.0,0.0,92,78,False,False,True,False,0.0,1.0,0.8660254037844386,0.5000000000000001,-0.2012985200886611,0.9795299412524944,-2.4492935982947064e-16,1.0,False,False,1.0,1.8501586,2019-07-30 00:00:00
3194,-74.06762212514877,40.7253399253558,0.0,1.0,1.0,1.0,1.0,2.0,0.0,0.0,0.0,0.0,1,30,7,1,True,3.36,0.01,0.0,0.0,92,78,False,False,True,False,0.2697967711570243,0.9629172873477994,0.8660254037844386,0.5000000000000001,-0.2012985200886611,0.9795299412524944,-2.4492935982947064e-16,1.0,False,False,0.0,0.0,2019-07-30 01:00:00
3194,-74.06762212514877,40.7253399253558,0.0,0.0,1.0,1.0,1.0,1.0,2.0,0.0,0.0,1.0,1,30,7,2,True,3.36,0.01,0.0,0.0,92,78,False,False,True,False,0.5195839500354336,0.8544194045464886,0.8660254037844386,0.5000000000000001,-0.2012985200886611,0.9795299412524944,-2.4492935982947064e-16,1.0,False,False,0.0,0.0,2019-07-30 02:00:00
3194,-74.06762212514877,40.7253399253558,0.0,0.0,0.0,1.0,1.0,1.0,1.0,0.0,1.0,0.0,1,30,7,3,True,3.36,0.01,0.0,0.0,92,78,False,False,True,False,0.730835964278124,0.6825531432186541,0.8660254037844386,0.5000000000000001,-0.2012985200886611,0.9795299412524944,-2.4492935982947064e-16,1.0,False,False,0.0,0.010318363,2019-07-30 03:00:00
3194,-74.06762212514877,40.7253399253558,0.0,0.0,0.0,0.0,1.0,1.0,1.0,0.0,0.0,0.0,1,30,7,4,True,3.36,0.01,0.0,0.0,92,78,False,False,True,False,0.8878852184023752,0.4600650377311521,0.8660254037844386,0.5000000000000001,-0.2012985200886611,0.9795299412524944,-2.4492935982947064e-16,1.0,False,False,0.0,0.008585261,2019-07-30 04:00:00
3194,-74.06762212514877,40.7253399253558,0.0,0.0,0.0,0.0,0.0,1.0,1.0,0.0,0.0,0.0,1,30,7,5,True,3.36,0.01,0.0,0.0,92,78,False,False,True,False,0.9790840876823228,0.2034560130526337,0.8660254037844386,0.5000000000000001,-0.2012985200886611,0.9795299412524944,-2.4492935982947064e-16,1.0,False,False,0.0,0.023177797,2019-07-30 05:00:00
3194,-74.06762212514877,40.7253399253558,178.0,0.0,0.0,0.0,0.0,0.0,1.0,3.0,1.0,1.0,1,30,7,6,True,3.36,0.01,0.0,0.0,92,78,False,False,True,False,0.9976687691905392,-0.0682424133646708,0.8660254037844386,0.5000000000000001,-0.2012985200886611,0.9795299412524944,-2.4492935982947064e-16,1.0,False,False,1.0,1.4957927,2019-07-30 06:00:00
3194,-74.06762212514877,40.7253399253558,272.5,1.0,0.0,0.0,0.0,0.0,0.0,3.0,0.0,2.0,1,30,7,7,True,3.36,0.01,0.0,0.0,92,78,False,False,True,False,0.9422609221188204,-0.3348796121709861,0.8660254037844386,0.5000000000000001,-0.2012985200886611,0.9795299412524944,-2.4492935982947064e-16,1.0,True,False,8.0,2.2046478,2019-07-30 07:00:00
3194,-74.06762212514877,40.7253399253558,276.1428571428572,8.0,1.0,0.0,0.0,0.0,0.0,9.0,0.0,7.0,1,30,7,8,True,3.36,0.01,0.0,0.0,92,78,False,False,True,False,0.8169698930104421,-0.576680322114867,0.8660254037844386,0.5000000000000001,-0.2012985200886611,0.9795299412524944,-2.4492935982947064e-16,1.0,True,False,7.0,3.9674678,2019-07-30 08:00:00
3194,-74.06762212514877,40.7253399253558,0.0,7.0,8.0,1.0,0.0,0.0,0.0,0.0,1.0,5.0,1,30,7,9,True,3.36,0.01,0.0,0.0,92,78,False,False,True,False,0.631087944326053,-0.7757112907044197,0.8660254037844386,0.5000000000000001,-0.2012985200886611,0.9795299412524944,-2.4492935982947064e-16,1.0,True,False,0.0,0.20729782,2019-07-30 09:00:00
3194,-74.06762212514877,40.7253399253558,1684.0,0.0,7.0,8.0,1.0,0.0,0.0,0.0,0.0,0.0,1,30,7,10,True,3.36,0.01,0.0,0.0,92,78,False,False,True,False,0.3984010898462414,-0.917211301505453,0.8660254037844386,0.5000000000000001,-0.2012985200886611,0.9795299412524944,-2.4492935982947064e-16,1.0,False,False,1.0,0.23727953,2019-07-30 10:00:00
3194,-74.06762212514877,40.7253399253558,542.0,1.0,0.0,7.0,8.0,1.0,0.0,1.0,2.0,1.0,1,30,7,11,True,3.36,0.01,0.0,0.0,92,78,False,False,True,False,0.136166649096247,-0.9906859460363306,0.8660254037844386,0.5000000000000001,-0.2012985200886611,0.9795299412524944,-2.4492935982947064e-16,1.0,False,False,1.0,1.2379842,2019-07-30 11:00:00
3194,-74.06762212514877,40.7253399253558,0.0,1.0,1.0,0.0,7.0,8.0,1.0,0.0,3.0,1.0,1,30,7,12,True,3.36,0.01,0.0,0.0,92,78,False,False,True,False,-0.1361666490962464,-0.9906859460363308,0.8660254037844386,0.5000000000000001,-0.2012985200886611,0.9795299412524944,-2.4492935982947064e-16,1.0,False,False,0.0,0.0041416036,2019-07-30 12:00:00
3194,-74.06762212514877,40.7253399253558,0.0,0.0,1.0,1.0,0.0,7.0,8.0,0.0,0.0,0.0,1,30,7,13,True,3.36,0.01,0.0,0.0,92,78,False,False,True,False,-0.3984010898462415,-0.9172113015054528,0.8660254037844386,0.5000000000000001,-0.2012985200886611,0.9795299412524944,-2.4492935982947064e-16,1.0,False,False,0.0,0.041219875,2019-07-30 13:00:00
3194,-74.06762212514877,40.7253399253558,211.0,0.0,0.0,1.0,1.0,0.0,7.0,0.0,0.0,1.0,1,30,7,14,True,3.36,0.01,0.0,0.0,92,78,False,False,True,False,-0.6310879443260529,-0.7757112907044198,0.8660254037844386,0.5000000000000001,-0.2012985200886611,0.9795299412524944,-2.4492935982947064e-16,1.0,False,False,1.0,1.1547364,2019-07-30 14:00:00
3194,-74.06762212514877,40.7253399253558,0.0,1.0,0.0,0.0,1.0,1.0,0.0,0.0,0.0,1.0,1,30,7,15,True,3.36,0.01,0.0,0.0,92,78,False,False,True,False,-0.8169698930104419,-0.5766803221148673,0.8660254037844386,0.5000000000000001,-0.2012985200886611,0.9795299412524944,-2.4492935982947064e-16,1.0,False,False,0.0,0.03290278,2019-07-30 15:00:00
3194,-74.06762212514877,40.7253399253558,0.0,0.0,1.0,0.0,0.0,1.0,1.0,0.0,3.0,0.0,1,30,7,16,True,3.36,0.01,0.0,0.0,92,78,False,False,True,False,-0.9422609221188204,-0.3348796121709864,0.8660254037844386,0.5000000000000001,-0.2012985200886611,0.9795299412524944,-2.4492935982947064e-16,1.0,False,True,0.0,0.021334505,2019-07-30 16:00:00
3194,-74.06762212514877,40.7253399253558,1533.5,0.0,0.0,1.0,0.0,0.0,1.0,1.0,1.0,1.0,1,30,7,17,True,3.36,0.01,0.0,0.0,92,78,False,False,True,False,-0.9976687691905392,-0.0682424133646704,0.8660254037844386,0.5000000000000001,-0.2012985200886611,0.9795299412524944,-2.4492935982947064e-16,1.0,False,True,4.0,1.3499105,2019-07-30 17:00:00
3194,-74.06762212514877,40.7253399253558,1034.0,4.0,0.0,0.0,1.0,0.0,0.0,2.0,1.0,0.0,1,30,7,18,True,3.36,0.01,0.0,0.0,92,78,False,False,True,False,-0.979084087682323,0.2034560130526332,0.8660254037844386,0.5000000000000001,-0.2012985200886611,0.9795299412524944,-2.4492935982947064e-16,1.0,False,True,1.0,2.1411643,2019-07-30 18:00:00
3194,-74.06762212514877,40.7253399253558,247.5,1.0,4.0,0.0,0.0,1.0,0.0,0.0,0.0,1.0,1,30,7,19,True,3.36,0.01,0.0,0.0,92,78,False,False,True,False,-0.8878852184023756,0.4600650377311516,0.8660254037844386,0.5000000000000001,-0.2012985200886611,0.9795299412524944,-2.4492935982947064e-16,1.0,False,True,2.0,2.2731407,2019-07-30 19:00:00
3194,-74.06762212514877,40.7253399253558,196.5,2.0,1.0,4.0,0.0,0.0,1.0,2.0,1.0,2.0,1,30,7,20,True,3.36,0.01,0.0,0.0,92,78,False,False,True,False,-0.730835964278124,0.6825531432186541,0.8660254037844386,0.5000000000000001,-0.2012985200886611,0.9795299412524944,-2.4492935982947064e-16,1.0,False,False,2.0,1.401555,2019-07-30 20:00:00
3194,-74.06762212514877,40.7253399253558,0.0,2.0,2.0,1.0,4.0,0.0,0.0,1.0,3.0,3.0,1,30,7,21,True,3.36,0.01,0.0,0.0,92,78,False,False,True,False,-0.5195839500354336,0.8544194045464886,0.8660254037844386,0.5000000000000001,-0.2012985200886611,0.9795299412524944,-2.4492935982947064e-16,1.0,False,False,0.0,0.0,2019-07-30 21:00:00
3194,-74.06762212514877,40.7253399253558,349.0,0.0,2.0,2.0,1.0,4.0,0.0,1.0,0.0,1.0,1,30,7,22,True,3.36,0.01,0.0,0.0,92,78,False,False,True,False,-0.2697967711570252,0.962917287347799,0.8660254037844386,0.5000000000000001,-0.2012985200886611,0.9795299412524944,-2.4492935982947064e-16,1.0,False,False,2.0,1.355107,2019-07-30 22:00:00
3194,-74.06762212514877,40.7253399253558,304.0,2.0,0.0,2.0,2.0,1.0,4.0,1.0,0.0,1.0,1,30,7,23,True,3.36,0.01,0.0,0.0,92,78,False,False,True,False,-2.4492935982947064e-16,1.0,0.8660254037844386,0.5000000000000001,-0.2012985200886611,0.9795299412524944,-2.4492935982947064e-16,1.0,False,False,1.0,1.4031008,2019-07-30 23:00:00
3194,-74.06762212514877,40.7253399253558,0.0,1.0,2.0,0.0,2.0,2.0,1.0,1.0,0.0,0.0,2,31,7,0,True,2.91,0.36,0.0,0.0,87,70,True,False,True,False,0.0,1.0,0.8660254037844388,-0.4999999999999998,-2.4492935982947064e-16,1.0,-2.4492935982947064e-16,1.0,False,False,0.0,0.0,2019-07-31 00:00:00
3194,-74.06762212514877,40.7253399253558,0.0,0.0,1.0,2.0,0.0,2.0,2.0,0.0,0.0,2.0,2,31,7,1,True,2.91,0.36,0.0,0.0,87,70,True,False,True,False,0.2697967711570243,0.9629172873477994,0.8660254037844388,-0.4999999999999998,-2.4492935982947064e-16,1.0,-2.4492935982947064e-16,1.0,False,False,0.0,0.0,2019-07-31 01:00:00
3194,-74.06762212514877,40.7253399253558,0.0,0.0,0.0,1.0,2.0,0.0,2.0,0.0,0.0,1.0,2,31,7,2,True,2.91,0.36,0.0,0.0,87,70,True,False,True,False,0.5195839500354336,0.8544194045464886,0.8660254037844388,-0.4999999999999998,-2.4492935982947064e-16,1.0,-2.4492935982947064e-16,1.0,False,False,0.0,0.0,2019-07-31 02:00:00
3194,-74.06762212514877,40.7253399253558,258.0,0.0,0.0,0.0,1.0,2.0,0.0,0.0,0.0,0.0,2,31,7,3,True,2.91,0.36,0.0,0.0,87,70,True,False,True,False,0.730835964278124,0.6825531432186541,0.8660254037844388,-0.4999999999999998,-2.4492935982947064e-16,1.0,-2.4492935982947064e-16,1.0,False,False,1.0,1.1519256,2019-07-31 03:00:00
3194,-74.06762212514877,40.7253399253558,0.0,1.0,0.0,0.0,0.0,1.0,2.0,0.0,0.0,0.0,2,31,7,4,True,2.91,0.36,0.0,0.0,87,70,True,False,True,False,0.8878852184023752,0.4600650377311521,0.8660254037844388,-0.4999999999999998,-2.4492935982947064e-16,1.0,-2.4492935982947064e-16,1.0,False,False,0.0,0.0,2019-07-31 04:00:00
3194,-74.06762212514877,40.7253399253558,143.0,0.0,1.0,0.0,0.0,0.0,1.0,0.0,0.0,0.0,2,31,7,5,True,2.91,0.36,0.0,0.0,87,70,True,False,True,False,0.9790840876823228,0.2034560130526337,0.8660254037844388,-0.4999999999999998,-2.4492935982947064e-16,1.0,-2.4492935982947064e-16,1.0,False,False,1.0,0.8835267,2019-07-31 05:00:00
3194,-74.06762212514877,40.7253399253558,218.8,3.0,1.0,0.0,1.0,0.0,0.0,8.0,3.0,7.0,2,31,7,7,True,2.91,0.36,0.0,0.0,87,70,True,False,True,False,0.9422609221188204,-0.3348796121709861,0.8660254037844388,-0.4999999999999998,-2.4492935982947064e-16,1.0,-2.4492935982947064e-16,1.0,True,False,5.0,4.5969706,2019-07-31 07:00:00
3194,-74.06762212514877,40.7253399253558,477.55555555555554,5.0,3.0,1.0,0.0,1.0,0.0,7.0,9.0,10.0,2,31,7,8,True,2.91,0.36,0.0,0.0,87,70,True,False,True,False,0.8169698930104421,-0.576680322114867,0.8660254037844388,-0.4999999999999998,-2.4492935982947064e-16,1.0,-2.4492935982947064e-16,1.0,True,False,9.0,7.9627433,2019-07-31 08:00:00
3194,-74.06762212514877,40.7253399253558,226.0,9.0,5.0,3.0,1.0,0.0,1.0,0.0,0.0,2.0,2,31,7,9,True,2.91,0.36,0.0,0.0,87,70,True,False,True,False,0.631087944326053,-0.7757112907044197,0.8660254037844388,-0.4999999999999998,-2.4492935982947064e-16,1.0,-2.4492935982947064e-16,1.0,True,False,1.0,1.9705039,2019-07-31 09:00:00
3194,-74.06762212514877,40.7253399253558,0.0,1.0,9.0,5.0,3.0,1.0,0.0,1.0,0.0,0.0,2,31,7,10,True,2.91,0.36,0.0,0.0,87,70,True,False,True,False,0.3984010898462414,-0.917211301505453,0.8660254037844388,-0.4999999999999998,-2.4492935982947064e-16,1.0,-2.4492935982947064e-16,1.0,False,False,0.0,0.0,2019-07-31 10:00:00
3194,-74.06762212514877,40.7253399253558,582.0,0.0,1.0,9.0,5.0,3.0,1.0,1.0,1.0,0.0,2,31,7,11,True,2.91,0.36,0.0,0.0,87,70,True,False,True,False,0.136166649096247,-0.9906859460363306,0.8660254037844388,-0.4999999999999998,-2.4492935982947064e-16,1.0,-2.4492935982947064e-16,1.0,False,False,1.0,0.7660259,2019-07-31 11:00:00
3194,-74.06762212514877,40.7253399253558,235.0,1.0,0.0,1.0,9.0,5.0,3.0,0.0,0.0,0.0,2,31,7,12,True,2.91,0.36,0.0,0.0,87,70,True,False,True,False,-0.1361666490962464,-0.9906859460363308,0.8660254037844388,-0.4999999999999998,-2.4492935982947064e-16,1.0,-2.4492935982947064e-16,1.0,False,False,1.0,1.1970983,2019-07-31 12:00:00
3194,-74.06762212514877,40.7253399253558,194.0,1.0,1.0,0.0,1.0,9.0,5.0,0.0,0.0,1.0,2,31,7,13,True,2.91,0.36,0.0,0.0,87,70,True,False,True,False,-0.3984010898462415,-0.9172113015054528,0.8660254037844388,-0.4999999999999998,-2.4492935982947064e-16,1.0,-2.4492935982947064e-16,1.0,False,False,1.0,1.1963084,2019-07-31 13:00:00
3194,-74.06762212514877,40.7253399253558,1214.0,1.0,1.0,1.0,0.0,1.0,9.0,1.0,0.0,0.0,2,31,7,14,True,2.91,0.36,0.0,0.0,87,70,True,False,True,False,-0.6310879443260529,-0.7757112907044198,0.8660254037844388,-0.4999999999999998,-2.4492935982947064e-16,1.0,-2.4492935982947064e-16,1.0,False,False,2.0,0.8094833,2019-07-31 14:00:00
3194,-74.06762212514877,40.7253399253558,199.0,2.0,1.0,1.0,1.0,0.0,1.0,0.0,0.0,0.0,2,31,7,15,True,2.91,0.36,0.0,0.0,87,70,True,False,True,False,-0.8169698930104419,-0.5766803221148673,0.8660254037844388,-0.4999999999999998,-2.4492935982947064e-16,1.0,-2.4492935982947064e-16,1.0,False,False,1.0,1.1018062,2019-07-31 15:00:00
3194,-74.06762212514877,40.7253399253558,0.0,1.0,2.0,1.0,1.0,1.0,0.0,0.0,0.0,0.0,2,31,7,16,True,2.91,0.36,0.0,0.0,87,70,True,False,True,False,-0.9422609221188204,-0.3348796121709864,0.8660254037844388,-0.4999999999999998,-2.4492935982947064e-16,1.0,-2.4492935982947064e-16,1.0,False,True,0.0,0.0,2019-07-31 16:00:00
3194,-74.06762212514877,40.7253399253558,696.0,0.0,1.0,2.0,1.0,1.0,1.0,4.0,1.0,1.0,2,31,7,17,True,2.91,0.36,0.0,0.0,87,70,True,False,True,False,-0.9976687691905392,-0.0682424133646704,0.8660254037844388,-0.4999999999999998,-2.4492935982947064e-16,1.0,-2.4492935982947064e-16,1.0,False,True,1.0,1.8733077,2019-07-31 17:00:00
3194,-74.06762212514877,40.7253399253558,272.0,1.0,0.0,1.0,2.0,1.0,1.0,1.0,2.0,3.0,2,31,7,18,True,2.91,0.36,0.0,0.0,87,70,True,False,True,False,-0.979084087682323,0.2034560130526332,0.8660254037844388,-0.4999999999999998,-2.4492935982947064e-16,1.0,-2.4492935982947064e-16,1.0,False,True,1.0,2.0733068,2019-07-31 18:00:00
3194,-74.06762212514877,40.7253399253558,0.0,1.0,1.0,0.0,1.0,2.0,1.0,2.0,0.0,1.0,2,31,7,19,True,2.91,0.36,0.0,0.0,87,70,True,False,True,False,-0.8878852184023756,0.4600650377311516,0.8660254037844388,-0.4999999999999998,-2.4492935982947064e-16,1.0,-2.4492935982947064e-16,1.0,False,True,0.0,0.0,2019-07-31 19:00:00
3194,-74.06762212514877,40.7253399253558,418.6666666666667,0.0,1.0,1.0,0.0,1.0,2.0,2.0,2.0,2.0,2,31,7,20,True,2.91,0.36,0.0,0.0,87,70,True,False,True,False,-0.730835964278124,0.6825531432186541,0.8660254037844388,-0.4999999999999998,-2.4492935982947064e-16,1.0,-2.4492935982947064e-16,1.0,False,False,3.0,1.6049395,2019-07-31 20:00:00
3194,-74.06762212514877,40.7253399253558,0.0,3.0,0.0,1.0,1.0,0.0,1.0,0.0,1.0,3.0,2,31,7,21,True,2.91,0.36,0.0,0.0,87,70,True,False,True,False,-0.5195839500354336,0.8544194045464886,0.8660254037844388,-0.4999999999999998,-2.4492935982947064e-16,1.0,-2.4492935982947064e-16,1.0,False,False,0.0,0.0,2019-07-31 21:00:00
3194,-74.06762212514877,40.7253399253558,363.0,0.0,3.0,0.0,1.0,1.0,0.0,2.0,1.0,1.0,2,31,7,22,True,2.91,0.36,0.0,0.0,87,70,True,False,True,False,-0.2697967711570252,0.962917287347799,0.8660254037844388,-0.4999999999999998,-2.4492935982947064e-16,1.0,-2.4492935982947064e-16,1.0,False,False,3.0,1.4065759,2019-07-31 22:00:00
3194,-74.06762212514877,40.7253399253558,0.0,3.0,0.0,3.0,0.0,1.0,1.0,1.0,1.0,0.0,2,31,7,23,True,2.91,0.36,0.0,0.0,87,70,True,False,True,False,-2.4492935982947064e-16,1.0,0.8660254037844388,-0.4999999999999998,-2.4492935982947064e-16,1.0,-2.4492935982947064e-16,1.0,False,False,0.0,0.0366996,2019-07-31 23:00:00
